Model,Baseline_R2,GridSearch_R2,RandomSearch_R2
Random Forest,0.905393203837468,0.8901035993230701,0.8901035993230701
Gradient Boosting,0.889235684750441,0.8821345852742836,0.8817667344145211
