Metric,Value
Train_R2,0.968446214653236
Test_R2,0.8901035993230701
MAE,2.829564251100716
MSE,14.957603222420206
RMSE,3.8675060727063126
MAPE,10.320067508902705
