Train_R2,Test_R2,Generalisation_Error
0.968446214653236,0.8901035993230701,0.07834261533016584
