Metric,Value
Mean,29.67174545454546
Median,27.4
Min,1.1
Max,75.8394
Std,13.008737913871299
